,generations,mean,max
0,1,23.678386769666783,40.47528094433325
1,2,24.516834189905445,40.47528094433325
2,3,27.253731722975974,40.47528094433325
3,4,31.348569125535548,40.47528094433325
4,5,31.585803189514873,40.47528094433325
5,6,34.832100315444606,40.47528094433325
6,7,34.832100315444606,40.47528094433325
7,8,35.68653818632958,40.47528094433325
8,9,35.68653818632958,40.47528094433325
9,10,35.68653818632958,40.47528094433325
