,generations,mean,max
0,1,30.96479651776641,37.47554640635049
1,2,30.96479651776641,37.47554640635049
2,3,29.874529267620005,37.47554640635049
3,4,30.755854859771684,37.47554640635049
4,5,31.251686483010307,37.47554640635049
5,6,31.251686483010307,37.47554640635049
6,7,36.56682427013247,39.41205188114026
7,8,36.998126600058846,39.41205188114026
8,9,38.80809490727555,39.44526016018075
9,10,38.80809490727555,39.44526016018075
