,generations,mean,max
0,1,25.56824500102356,41.04192394733255
1,2,25.56824500102356,41.04192394733255
2,3,32.036549471896144,41.04192394733255
3,4,33.59060511526446,41.04192394733255
4,5,33.78997589853249,41.04192394733255
5,6,35.16554024961678,41.04192394733255
6,7,36.21246823925868,42.8339994987365
7,8,36.3213774976508,42.8339994987365
8,9,36.77282429372806,42.8339994987365
9,10,36.86199113325918,42.8339994987365
